<?xml version="1.0" encoding="UTF-8"?>
<!DOCTYPE mapper PUBLIC "-//mybatis.org//DTD Mapper 3.0//EN" 
"http://mybatis.org/dtd/mybatis-3-mapper.dtd" >
<!-- 에러시 window-preferences-maven검색-Download Artifact javadoc 체크할것 -->
<mapper namespace="com.gg.gop.dao.ChatDao">
	<select id="getRoomList" resultType="ChatDto">
		select * from chatroom order by chatroomId desc
	</select>
	<insert id="createRoom">
		insert into chatroom (title, userId) values(#{title}, #{userId})
	</insert>
	<select id="intoRoom">
		select * from chatroom where chatroomId= #{roomId}
	</select>
	<delete id="deleteRoom">
		delete from chatroom where chatroomId=#{chatroomId}
	</delete>
	<insert id="plusroom">
		insert into chatmember(chatmember, roomId) values(#{memberId}, #{chatroomId})
	</insert>
	<select id="getRoomMember">
		select chatmember from chatmember where roomId=#{roomId}
	</select>
	<delete id="outRoom">
		delete from chatmember where roomId=#{chatroomId} and chatmember=#{memberId}
	</delete>
</mapper>